3,https://www.miamiherald.com/news/local/article221404845.html
4,https://www.miamiherald.com/news/local/article221897990.html
5,https://www.palmbeachpost.com/story/news/courts/2019/07/17/man-who-had-everything-jeffrey-epstein-craved-big-homes-elite-friends-and-underage-girls/4676283007/
10,https://www.theguardian.com/books/2021/jul/25/perversion-of-justice-review-julie-k-brown-jeffrey-epstein-ghislaine-maxwell
11,https://www.washingtonpost.com/politics/jeffrey-epstein-accused-of-sexually-abusing-teenage-girls-surrounded-himself-with-influential-network-of-defenders/2019/07/09/67069e12-a259-11e9-bd56-eac6bb02d01d_story.html
13,https://africa.businessinsider.com/news/jeffrey-epsteins-web-search-through-more-than-1700-associates-that-the-well-connected/shn354w
15,https://archive.vanityfair.com/article/2021/7/the-mogul-and-the-monster
16,https://www.vanityfair.com/news/2019/08/epstein-hinted-at-dirt-on-sex-lives-drug-use-of-rich-and-powerful
17,https://www.vanityfair.com/news/2021/11/did-the-lingerie-business-make-jeffrey-epstein-possible
18,https://www.bloomberg.com/news/articles/2019-07-13/a-billionaire-and-a-sex-offender-the-wexner-and-epstein-ties
19,https://www.bloomberg.com/news/articles/2019-07-15/les-wexner-says-he-was-unaware-of-epstein-s-illegal-activity
20,https://www.bloomberg.com/news/articles/2019-07-17/epstein-s-donations-will-be-reviewed-by-ohio-state-university
22,https://www.theguardian.com/politics/2025/feb/06/peter-mandelson-swears-at-reporter-after-question-on-epstein-relationship
25,https://jacobin.com/2020/06/jeffrey-epstein-death-capitalism-book-review
26,https://jacobin.com/2021/08/bill-gates-jeffrey-epstein-mistake-cnn-interview
27,https://jacobin.com/2025/07/jeffrey-epstein-files-trump-elites
28,https://jacobin.com/2025/08/epstein-scandal-trump-clinton-bipartisanship
29,https://jacobin.com/2025/11/trump-epstein-israel-intelligence-blackmail
